Top queries,Clicks,Impressions,CTR,Position
cyber crime complaint online bangladesh,2,133,1.5%,2.57
how to apply for divorce in bangladesh,2,8,25%,1
how to report cyber crime in bangladesh,2,8,25%,2.12
bail.supreme court.gov.bd,1,65,1.54%,1
bail,1,49,2.04%,1.02
bangladesh cyber crime helpline,1,21,4.76%,7.76
lawyer in uttara,1,15,6.67%,4
cyber crime unit bangladesh,1,8,12.5%,2.5
cyber crime bangladesh complaint,1,5,20%,2.2
bangladesh cyber crime complaint,1,5,20%,3.6
bangladesh police cyber crime complaint,1,4,25%,3.5
cyber crime bangladesh,1,4,25%,8.5
cyber crime report bangladesh,1,3,33.33%,5.33
cyber crime in bangladesh help line,1,3,33.33%,7
advocate dhaka,1,2,50%,14.5
হ্যাঁ চাই,1,1,100%,3
blackmail,1,1,100%,5
cyber crime complaint center,1,1,100%,15
property lawyer,1,1,100%,21
divorce process in bangladesh,0,717,0%,1.27
how to file for divorce in bangladesh,0,231,0%,1
child custody law in bangladesh,0,164,0%,1.52
divorce process in bd,0,115,0%,1
bail bond in bangladesh,0,78,0%,3
how to file for divorce,0,65,0%,6.45
child custody in bangladesh,0,39,0%,2.13
how to file divorce in bangladesh,0,31,0%,1.03
how to divorce in bangladesh,0,27,0%,1
divorce procedure in bangladesh,0,27,0%,3.33
মাদক মামলার জামিন,0,27,0%,9.37
how to get divorce in bangladesh,0,25,0%,1.12
family lawyer near me,0,25,0%,35.6
family law attorney near me,0,23,0%,18.13
divorce lawyer uttara,0,20,0%,3.3
divorce system in bangladesh,0,18,0%,1
divorce bangladesh,0,18,0%,6.06
family practice lawyers near me,0,18,0%,56.11
experienced criminal defence solicitor near me,0,17,0%,3.71
divorce process,0,17,0%,7.41
divorce in bangladesh,0,16,0%,1.12
cyber crime ki,0,15,0%,1
divorce lawyer dhaka,0,14,0%,3.29
advocate,0,14,0%,3.86
www.bail.supreme court.gov.bd,0,13,0%,1.54
assault defence attorney near me,0,13,0%,3.31
how to file for divorce in my state,0,13,0%,3.38
"bangladesh power of attorney act 2012 revocation principal can revoke power 
of attorney",0,13,0%,10.46
family law lawyers near me,0,13,0%,57.62
family court attorney near me,0,13,0%,80.23
experienced professional assault defence attorney near me,0,12,0%,3.42
experienced assault defence attorney near me,0,12,0%,5.75
how to file a divorce in bangladesh,0,10,0%,1
process of divorce in bangladesh,0,10,0%,1
professional assault defence solicitor near me,0,10,0%,2.5
is wifi hacking legal in bangladesh,0,10,0%,2.9
yes,0,10,0%,3.1
bangladesh cyber security act 2023 unauthorized access offence section,0,10,0%,6
professional assault defence lawyer near me,0,10,0%,8.9
experienced professional assault lawyer near me,0,10,0%,12.1
family law lawyers,0,10,0%,22.9
experienced assault lawyer near me,0,10,0%,25.9
professional criminal defence attorney near me,0,10,0%,36.5
family law office near me,0,10,0%,64
how to give divorce in bangladesh,0,9,0%,1.22
experienced professional assault defence solicitor near me,0,9,0%,2.44
professional assault defence attorney near me,0,9,0%,3.11
হ্যাঁ,0,9,0%,3.11
experienced assault defence lawyer near me,0,9,0%,6.44
experienced professional criminal solicitor near me,0,9,0%,8.22
cyber crime department bangladesh,0,9,0%,8.67
professional criminal defence solicitor near me,0,9,0%,10.89
experienced professional criminal defence attorney near me,0,9,0%,31.44
experienced professional criminal lawyer near me,0,9,0%,47.33
experienced professional criminal defence lawyer near me,0,9,0%,48.33
"""marriage and family courts regulations"" bangladesh",0,8,0%,1
experienced professional assault solicitor near me,0,8,0%,3.38
bangladesh power of attorney does not transfer ownership of property,0,8,0%,4.5
experienced professional criminal defence solicitor near me,0,8,0%,9
bail petition draft in bangladesh,0,8,0%,9.25
assault defence solicitor near me,0,8,0%,11.12
family lawyer,0,8,0%,15.62
experienced criminal solicitor near me,0,8,0%,24
experienced professional criminal defence lawyer,0,8,0%,37.12
professional criminal defence lawyer near me,0,8,0%,46.38
experienced criminal defence lawyer near me,0,8,0%,51.12
experienced criminal defence attorney near me,0,8,0%,54.75
mutual divorce procedure in bangladesh,0,7,0%,1
saibar crime ki,0,7,0%,1
child custody,0,7,0%,8.86
assault defence lawyer near me,0,7,0%,11.14
family law attorney,0,7,0%,23
family court lawyers near me,0,7,0%,65.71
check dishonour law in bangladesh,0,6,0%,1
cyber crime complaint bangladesh,0,6,0%,3
land dispute,0,6,0%,3.83
experienced professional assault defence lawyer near me,0,6,0%,9.5
divorce law in bangladesh,0,6,0%,27.33
divorce lawyer in bangladesh,0,6,0%,40.83
online divorce application in bangladesh,0,5,0%,2.6
bangladesh cyber crime,0,5,0%,6.8
cyber crime dhaka,0,5,0%,10.4
মাদক মামলার শাস্তি,0,5,0%,10.8
professional criminal lawyer near me,0,5,0%,58.8
is hacking wifi illegal in bangladesh,0,4,0%,1
cyber crime bd complaint,0,4,0%,4.75
bangladesh cheque validity 6 months,0,4,0%,6.25
bangladesh cyber crime unit,0,4,0%,6.5
divorce lawyer,0,4,0%,16.5
family law offices near me,0,4,0%,65.5
family lawyers near me,0,4,0%,83.5
138 ni act latest judgement 2020 bangladesh,0,3,0%,1
bail supreme court gov bd,0,3,0%,1
how to get a divorce in bangladesh,0,3,0%,1
divorce papers in bangladesh,0,3,0%,3
জি,0,3,0%,3.33
bangladesh muslim marriage registration kazi kabinnama mandatory,0,3,0%,3.67
is it legal to hack wifi in bangladesh,0,3,0%,3.67
bangladesh,0,3,0%,4.33
digital security act bangladesh,0,3,0%,4.33
bangladesh muslim marriage registration kazi kabinnama legal requirement,0,3,0%,4.67
is triple talaq valid in bangladesh,0,3,0%,6
cyber crime complaint,0,3,0%,8
cyber crime in bangladesh,0,3,0%,8
hindu divorce law in bangladesh,0,3,0%,32.67
divorce lawyer bangladesh,0,3,0%,35.67
bail in court,0,2,0%,1
bail supreme court,0,2,0%,1
bangladesh divorce process,0,2,0%,1
bangladesh high court division fir is not evidence,0,2,0%,1
child custody after divorce in bangladesh,0,2,0%,1
crime advocate near me,0,2,0%,1
digital security act bangladesh hacking penalties,0,2,0%,1
divorce cost in bangladesh,0,2,0%,1
divorce er jonno ki ki lage,0,2,0%,1
is it legal to hack wifi password in bangladesh,0,2,0%,1
cyber crime helpline,0,2,0%,2
high court advocate,0,2,0%,2
হ্যা,0,2,0%,2
ji,0,2,0%,2.5
lawyer,0,2,0%,2.5
হা,0,2,0%,2.5
advocate chamber,0,2,0%,3
how to apply divorce online,0,2,0%,3
land dispute case,0,2,0%,3
what is bail,0,2,0%,3
whats the divorce process,0,2,0%,3
জানতে চাই,0,2,0%,3
না,0,2,0%,3
cid cyber crime complaint bangladesh,0,2,0%,3.5
হুম,0,2,0%,3.5
bangladesh cyber security act 2023 unauthorized access offence,0,2,0%,4
is wifi hacking illegal in bangladesh,0,2,0%,4
uttara,0,2,0%,5
এলাম অ্যাপস,0,2,0%,5.5
bangladesh penal code section 306 cognizable offence bail,0,2,0%,7
talaq nama bangladesh,0,2,0%,7.5
bd cyber crime,0,2,0%,8.5
supreme court lawyer in bangladesh,0,2,0%,20
notary office near me,0,2,0%,22
a family lawyer,0,2,0%,27.5
divorce lawyer bd,0,2,0%,40
family attorney near me,0,2,0%,65
assault lawyer near me,0,2,0%,69
ache,0,1,0%,1
adv shah,0,1,0%,1
adverse possession in bangladesh,0,1,0%,1
advocate chamber near me,0,1,0%,1
advocate for divorce near me,0,1,0%,1
advocate md,0,1,0%,1
advocate phone number,0,1,0%,1
article 144 of limitation act 1908,0,1,0%,1
bail application in high court,0,1,0%,1
bail expert,0,1,0%,1
bail from court,0,1,0%,1
bail petition,0,1,0%,1
bail.supremecourt.gov.bd,0,1,0%,1
bangladesh digital security act hacking penalties,0,1,0%,1
bangladesh law for property distribution,0,1,0%,1
bell petition,0,1,0%,1
cheque dishonour law in bangladesh,0,1,0%,1
court custody,0,1,0%,1
difference between court marriage and civil marriage,0,1,0%,1
divorce apply process,0,1,0%,1
divorce deyar niyom,0,1,0%,1
divorce dite ki ki lage,0,1,0%,1
divorce er niyom,0,1,0%,1
divorce kivabe dite hoy,0,1,0%,1
divorce law bangladesh,0,1,0%,1
divorce notice in bangladesh,0,1,0%,1
divorce proce,0,1,0%,1
divorce procedure in bangladesh by wife,0,1,0%,1
divorce service,0,1,0%,1
financial fraud,0,1,0%,1
flat registration process in bangladesh,0,1,0%,1
how to apply for divorce,0,1,0%,1
how to complain cyber crime in bangladesh,0,1,0%,1
how to complaint a cyber crime,0,1,0%,1
how to file a case in cyber crime,0,1,0%,1
how to file a divorce,0,1,0%,1
how to file complaint in cyber crime,0,1,0%,1
how to make divorce,0,1,0%,1
how to write a divorce paper,0,1,0%,1
is parole and bail the same thing,0,1,0%,1
lawyer dhaka,0,1,0%,1
lawyer of high court,0,1,0%,1
notary dhaka,0,1,0%,1
online scammer report bangladesh,0,1,0%,1
procedure of bail,0,1,0%,1
remand vs bail,0,1,0%,1
what are the procedure for divorce,0,1,0%,1
word,0,1,0%,1
আগাম জামিন,0,1,0%,1
খুলা,0,1,0%,1
চাই,0,1,0%,1
জিআর,0,1,0%,1
যদি অন্য কোনো পক্ষ আপনার ব্যক্তিগত মালিকানার জমিতে রাস্তা করতে চায়?,0,1,0%,1
স্ত্রী কর্তৃক তালাকের নোটিশ,0,1,0%,1
হ্যাঁ আছে,0,1,0%,1
৫০২ ধারা কি,0,1,0%,1
1,0,1,0%,2
10 bochor,0,1,0%,2
advocate dhaka judge court,0,1,0%,2
advocatw,0,1,0%,2
advokate,0,1,0%,2
aml lawyer,0,1,0%,2
bangla,0,1,0%,2
bangladesh cyber crime report,0,1,0%,2
cyber crime act,0,1,0%,2
cyber crime helpline bangladesh,0,1,0%,2
divorce lawyer near me open now,0,1,0%,2
divorce layer,0,1,0%,2
family court near me,0,1,0%,2
lalmonirhat,0,1,0%,2
land issue case type,0,1,0%,2
md. shah alam,0,1,0%,2
supreme court advocate,0,1,0%,2
www supremecourt gov bd,0,1,0%,2
ναι,0,1,0%,2
জি।,0,1,0%,2
ডিজিটাল নিরাপত্তা আইন,0,1,0%,2
ডিভোর্স,0,1,0%,2
তথ্য ও যোগাযোগ প্রযুক্তি আইন,0,1,0%,2
তারপর,0,1,0%,2
তালাক এর ইংরেজি,0,1,0%,2
শাস্তি কি,0,1,0%,2
হ,0,1,0%,2
৩০০০,0,1,0%,2
2 mas,0,1,0%,3
3 dhara,0,1,0%,3
about divorce law,0,1,0%,3
bangladeshi divorce lawyer near me,0,1,0%,3
civil court,0,1,0%,3
cyber crime,0,1,0%,3
cyber crime law in bangladesh,0,1,0%,3
cyber police centre,0,1,0%,3
cyber safety act,0,1,0%,3
cyber security complaint,0,1,0%,3
cybercrime.gov.bd,0,1,0%,3
family court,0,1,0%,3
fee,0,1,0%,3
for bangladesh?,0,1,0%,3
how to apply for divorce online,0,1,0%,3
how to file divorce,0,1,0%,3
how to get divorce,0,1,0%,3
how to take divorce,0,1,0%,3
i am a girl,0,1,0%,3
madok,0,1,0%,3
shah bano case,0,1,0%,3
supreme court lawyer,0,1,0%,3
talaq,0,1,0%,3
write in bengali,0,1,0%,3
আরও কিছু,0,1,0%,3
এখন কি করবো,0,1,0%,3
চেক,0,1,0%,3
জামিন,0,1,0%,3
পারবো,0,1,0%,3
বাংলাদেশ,0,1,0%,3
বিকাশ নগদ,0,1,0%,3
ম্যাজিস্ট্রেট,0,1,0%,3
সাইবার,0,1,0%,3
advocate bangladesh,0,1,0%,4
am i safe,0,1,0%,4
bangladeshi divorce certificate,0,1,0%,4
cybercrime complaint,0,1,0%,4
form link,0,1,0%,4
what about in bangladesh,0,1,0%,4
yee,0,1,0%,4
আরো কিছু,0,1,0%,4
জমির মামলা,0,1,0%,4
বিকাশের মাধ্যমে,0,1,0%,4
মা মৃত্যু,0,1,0%,4
child custody age limit,0,1,0%,5
cid cyber police center bangladesh complaint,0,1,0%,5
lawyer shah alam,0,1,0%,5
muslim marriage registration bangladesh kazi kabinnama mandatory,0,1,0%,5
wrongful dishonor of cheque,0,1,0%,5
চলমান,0,1,0%,5
হ্যা জানতে চাই,0,1,0%,5
child custody court,0,1,0%,6
court marriage cost bangladesh,0,1,0%,6
dispute over land,0,1,0%,6
get bail,0,1,0%,6
i want to divorce my husband but we have a child,0,1,0%,6
is it legal to access dark web in bangladesh,0,1,0%,6
police remand,0,1,0%,6
section,0,1,0%,6
advocate shah,0,1,0%,7
bangladesh police cyber crime unit,0,1,0%,7
bangladesh supreme court fir is not substantive evidence,0,1,0%,7
remand police,0,1,0%,7
cyber crimes act,0,1,0%,8
divorce papers,0,1,0%,8
im in bd,0,1,0%,8
land dispute bangladesh,0,1,0%,8
মাদক মামলার সর্বোচ্চ শাস্তি কি,0,1,0%,8
"""absconding"" ""charge sheet"" bangladesh",0,1,0%,9
cyber crime bangladesh police,0,1,0%,9
divorce by wife in bangladesh,0,1,0%,9
file a divorce,0,1,0%,9
find advocate,0,1,0%,9
reference,0,1,0%,9
spain 2007,0,1,0%,9
adv m,0,1,0%,10
bail order,0,1,0%,10
guardian and wards act 1890 in bangladesh,0,1,0%,10
server crime bd,0,1,0%,10
bangladesh domestic violence law,0,1,0%,11
apply divorce,0,1,0%,12
divorce lawyers,0,1,0%,12
compare with bangladesh,0,1,0%,15
experienced criminal defence solicitor,0,1,0%,15
original divorce paper in bangladesh,0,1,0%,15
shah bano lawyer,0,1,0%,15
family lawyer in bangladesh,0,1,0%,36
advocate near me for divorce,0,1,0%,46
ict act bangladesh,0,1,0%,62
supreme court,0,1,0%,69
best divorce lawyer in dhaka,0,1,0%,77